{
  "prompt_v1_scores": {
    "faithfulness": 0.9469047619047619,
    "answer_relevancy": 0.9152483623212362,
    "context_recall": 1.0,
    "context_precision": 0.94833333325875
  },
  "prompt_v2_scores": {
    "faithfulness": 0.8803667998668,
    "answer_relevancy": 0.8835887301273282,
    "context_recall": 1.0,
    "context_precision": 0.9416666665930833
  },
  "target_met": true
}